751318,0.00,-0.00
755216,0.00,0.00
759093,0.00,0.00
762979,0.00,0.00
768021,0.00,0.00
771937,0.00,0.00
775880,0.00,-0.00
779853,0.00,0.00
783821,0.00,-0.00
787817,0.00,0.00
791791,0.00,0.00
795790,0.00,-0.00
799820,0.00,0.00
803827,0.00,0.00
807845,0.00,0.00
811873,0.00,0.00
815914,0.00,0.00
819965,0.00,0.00
824044,0.00,-0.00
828152,0.00,0.00
832238,0.00,0.00
836352,0.00,-0.00
840495,0.00,0.00
844617,0.00,0.00
848744,0.00,0.00
852888,0.00,0.00
857057,0.00,-0.00
861255,0.00,0.00
865432,0.00,0.00
869636,0.00,-0.00
873867,0.00,0.00
878078,0.00,0.00
883549,0.00,0.00
887783,0.00,0.00
892030,0.00,0.00
896305,0.00,-0.00
900610,0.00,0.00
904891,0.00,0.00
909181,0.00,0.00
913487,0.00,0.00
917802,0.00,0.00
922130,0.00,0.00
926469,0.00,0.00
930818,0.00,0.00
935180,0.00,0.00
939566,0.00,-0.00
943983,0.00,0.00
948377,0.00,0.00
952784,0.00,0.00
957199,0.00,0.00
961628,0.00,0.00
966067,0.00,0.00
970517,0.00,0.00
974978,0.00,0.00
979449,0.00,0.00
983933,0.00,0.00
988429,0.00,0.00
992937,0.00,0.00
997454,0.00,0.00
1002000,1.00,0.00
1006575,1.00,0.00
1012524,1.00,0.00
1017129,1.00,0.00
1021747,1.00,0.00
1026373,1.00,0.00
1031012,1.00,0.00
1035662,1.00,0.00
1040324,1.00,0.00
1044998,1.00,0.01
1049709,1.00,0.05
1054432,1.00,0.10
1059167,1.00,0.17
1063904,1.00,0.25
1068653,1.00,0.36
1073413,1.00,0.47
1078183,1.00,0.59
1082966,1.00,0.70
1087762,1.00,0.82
1092566,1.00,0.93
1097380,1.00,1.05
1102204,1.00,1.16
1107042,1.00,1.28
1111889,1.00,1.39
1116747,1.00,1.50
1121616,1.00,1.61
1126498,1.00,1.72
1131392,1.00,1.83
1136298,1.00,1.93
1142678,1.00,2.08
1147614,1.00,2.18
1152561,1.00,2.29
1157519,1.00,2.40
1162488,1.00,2.50
1167469,1.00,2.61
1172461,1.00,2.71
1177465,1.00,2.81
1182480,1.00,2.92
1187506,1.00,3.02
1192543,1.00,3.12
1197593,1.00,3.22
1202655,1.00,3.32
1207728,1.00,3.42
1212809,1.00,3.52
1217901,1.00,3.62
1223007,1.00,3.72
1228121,1.00,3.82
1233250,1.00,3.92
1238388,1.00,4.02
1243537,1.00,4.11
1248703,1.00,4.21
1253876,1.00,4.31
1259061,1.00,4.40
1264258,1.00,4.50
1269465,1.00,4.59
1274683,1.00,4.68
1281481,1.00,4.80
1286729,1.00,4.89
1291988,1.00,4.98
1297256,1.00,5.08
1302534,1.00,5.16
1307826,1.00,5.25
1313130,1.00,5.34
1318445,1.00,5.43
1323772,1.00,5.52
1329107,1.00,5.61
1334455,1.00,5.69
1339814,1.00,5.78
1345453,1.00,5.86
1348449,1.00,5.91
1351450,1.00,5.96
1354455,1.00,6.00
1359109,1.00,6.07
1366138,1.00,6.18
1369133,1.00,6.22
1372133,1.00,6.27
1375141,1.00,6.31
1378154,1.00,6.36
1381172,1.00,6.40
1384196,1.00,6.45
1387225,1.00,6.49
1390259,1.00,6.53
1393302,1.00,6.57
1396077,1.00,6.61
1399124,1.00,6.66
1402178,1.00,6.70
1405242,1.00,6.74
1408309,1.00,6.79
1411379,1.00,6.83
1414457,1.00,6.87
1417543,1.00,6.91
1420634,1.00,6.96
1423730,1.00,7.00
1426832,1.00,7.04
1429938,1.00,7.08
1433050,1.00,7.12
1436170,1.00,7.17
1439296,1.00,7.21
1442425,1.00,7.25
1445560,1.00,7.29
1448705,1.00,7.33
1451852,1.00,7.37
1455004,1.00,7.41
1458165,1.00,7.45
1461332,1.00,7.49
1464505,1.00,7.53
1467685,1.00,7.57
1470868,1.00,7.61
1474058,1.00,7.65
1478189,1.00,7.71
1481395,1.00,7.74
1484606,1.00,7.78
1487824,1.00,7.82
1491045,1.00,7.86
1494273,1.00,7.90
1497511,1.00,7.94
1500749,1.00,7.98
1503997,1.00,8.01
1507245,1.00,8.05
1510504,1.00,8.09
1513765,1.00,8.13
1517034,1.00,8.16
1520306,1.00,8.20
1523586,1.00,8.24
1526874,1.00,8.27
1530165,1.00,8.31
1533464,1.00,8.35
1536765,1.00,8.38
1540075,1.00,8.42
1543388,1.00,8.46
1546709,1.00,8.49
1550033,1.00,8.53
1553366,1.00,8.56
1556705,1.00,8.60
1560050,1.00,8.63
1563400,1.00,8.67
1567720,1.00,8.71
1571086,1.00,8.75
1574458,1.00,8.78
1577835,1.00,8.81
1581219,1.00,8.85
1584606,1.00,8.88
1588000,1.00,8.91
1591400,1.00,8.95
1594807,1.00,8.98
1598219,1.00,9.01
1601703,1.00,9.04
1605126,1.00,9.08
1608625,1.00,9.11
1612128,1.00,9.14
1615640,1.00,9.17
1619158,1.00,9.20
1622749,1.00,9.24
1626277,1.00,9.27
1629882,1.00,9.30
1633420,1.00,9.33
1636967,1.00,9.36
1640524,1.00,9.39
1644087,1.00,9.42
1647655,1.00,9.45
1651236,1.00,9.48
1654827,1.00,9.51
1658425,1.00,9.54
1663092,1.00,9.58
1666758,1.00,9.61
1670428,1.00,9.64
1674104,1.00,9.67
1677747,1.00,9.70
1681364,1.00,9.73
1684992,1.00,9.76
1688632,1.00,9.78
1692285,1.00,9.81
1695950,1.00,9.84
1699625,1.00,9.87
1703309,1.00,9.90
1707008,1.00,9.92
1710720,1.00,9.95
1714441,1.00,9.98
1718171,1.00,10.01
1721917,1.00,10.03
1725676,1.00,10.06
1729444,1.00,10.09
1733226,1.00,10.11
1737021,1.00,10.14
1740825,1.00,10.17
1744640,1.00,10.19
1748466,1.00,10.22
1752304,1.00,10.24
1756155,1.00,10.27
1760020,1.00,10.29
1765010,1.00,10.33
1768896,1.00,10.35
1772794,1.00,10.38
1776704,1.00,10.40
1780626,1.00,10.43
1784556,1.00,10.45
1788498,1.00,10.48
1792451,1.00,10.50
1796418,1.00,10.52
1800394,1.00,10.55
1804384,1.00,10.57
1808383,1.00,10.59
1812394,1.00,10.62
1816418,1.00,10.64
1820450,1.00,10.66
1824498,1.00,10.68
1828555,1.00,10.71
1832620,1.00,10.73
1836699,1.00,10.75
1840789,1.00,10.77
1844891,1.00,10.79
1849005,1.00,10.81
1853130,1.00,10.83
1857265,1.00,10.85
1861415,1.00,10.87
1866783,1.00,10.90
1870957,1.00,10.92
1875145,1.00,10.94
1879344,1.00,10.96
1883554,1.00,10.98
1887777,1.00,11.00
1892009,1.00,11.01
1896254,1.00,11.03
1900510,1.00,11.05
1904775,1.00,11.07
1909053,1.00,11.09
1913343,1.00,11.11
1917643,1.00,11.12
1921959,1.00,11.14
1926286,1.00,11.16
1930622,1.00,11.17
1934971,1.00,11.19
1939329,1.00,11.21
1943701,1.00,11.22
1948083,1.00,11.24
1952475,1.00,11.25
1956880,1.00,11.27
1961296,1.00,11.29
1965723,1.00,11.30
1970162,1.00,11.32
1974614,1.00,11.33
1980385,1.00,11.35
1984863,1.00,11.36
1989353,1.00,11.38
1993853,1.00,11.39
1998367,1.00,11.40
2002893,1.00,11.42
2007431,1.00,11.43
2011977,1.00,11.44
2016534,1.00,11.45
2021105,1.00,11.47
2025684,1.00,11.48
2030274,1.00,11.49
2034878,1.00,11.50
2039490,1.00,11.52
2044116,1.00,11.53
2048753,1.00,11.54
2053399,1.00,11.55
2058058,1.00,11.56
2062729,1.00,11.57
2067409,1.00,11.58
2072104,1.00,11.59
2076810,1.00,11.60
2081525,1.00,11.61
2086251,1.00,11.62
2090990,1.00,11.62
2095743,1.00,11.63
2100043,1.00,11.64
2104818,1.00,11.65
2109600,1.00,11.66
2114397,1.00,11.66
2119203,1.00,11.67
2124023,1.00,11.68
2128852,1.00,11.69
2133693,1.00,11.69
2138547,1.00,11.70
2143411,1.00,11.71
2148285,1.00,11.71
2153173,1.00,11.72
2158073,1.00,11.72
2162984,1.00,11.73
2167905,1.00,11.73
2172836,1.00,11.74
2177780,1.00,11.75
2182733,1.00,11.75
2187700,1.00,11.75
2192679,1.00,11.76
2197665,1.00,11.76
2202668,1.00,11.77
2207677,1.00,11.77
2212699,1.00,11.77
2217735,1.00,11.77
2224286,1.00,11.78
2229349,1.00,11.78
2234418,1.00,11.78
2239499,1.00,11.78
2244588,1.00,11.78
2249690,1.00,11.78
2254805,1.00,11.78
2259930,1.00,11.78
2265068,1.00,11.78
2270218,1.00,11.78
2275379,1.00,11.78
2280553,1.00,11.78
2285738,1.00,11.78
2290934,1.00,11.78
2296141,1.00,11.78
2301360,1.00,11.78
2306592,1.00,11.78
2311833,1.00,11.78
2317084,1.00,11.78
2322348,1.00,11.78
2327623,1.00,11.78
2332910,1.00,11.78
2338210,1.00,11.78
2343518,1.00,11.78
2348840,1.00,11.78
2354170,1.00,11.78
2361119,1.00,11.78
2366481,1.00,11.78
2372128,1.00,11.78
2375127,1.00,11.78
2378132,1.00,11.78
2381144,1.00,11.78
2385804,1.00,11.78
2392837,1.00,11.78
2395836,1.00,11.78
2398840,1.00,11.78
2401849,1.00,11.78
2404864,1.00,11.78
2407885,1.00,11.78
2410912,1.00,11.78
2413945,1.00,11.78
2416983,1.00,11.78
2420029,1.00,11.78
2423079,1.00,11.78
2426135,1.00,11.78
2429199,1.00,11.78
2432267,1.00,11.78
2435342,1.00,11.78
2438422,1.00,11.78
2441507,1.00,11.78
2444599,1.00,11.78
2448615,1.00,11.78
2451723,1.00,11.78
2454835,1.00,11.78
2457955,1.00,11.78
2461080,1.00,11.78
2464211,1.00,11.78
2467349,1.00,11.78
2470488,1.00,11.78
2473635,1.00,11.78
2476788,1.00,11.78
2479950,1.00,11.78
2483115,1.00,11.78
2486287,1.00,11.78
2489468,1.00,11.78
2492651,1.00,11.78
2495839,1.00,11.78
2499033,1.00,11.78
2502232,1.00,11.78
2505439,1.00,11.78
2508647,1.00,11.78
2511861,1.00,11.78
2515082,1.00,11.78
2518310,1.00,11.78
2521542,1.00,11.78
2524782,1.00,11.78
2528026,1.00,11.78
2532224,1.00,11.78
2535484,1.00,11.78
2538751,1.00,11.78
2542023,1.00,11.78
2545302,1.00,11.78
2548585,1.00,11.78
2551874,1.00,11.78
2555167,1.00,11.78
2558541,1.00,11.78
2561845,1.00,11.78
2565159,1.00,11.78
2568479,1.00,11.78
2571802,1.00,11.78
2575131,1.00,11.78
2578467,1.00,11.78
2581877,1.00,11.78
2585292,1.00,11.78
2588642,1.00,11.78
2592070,1.00,11.78
2595435,1.00,11.78
2598805,1.00,11.78
2602180,1.00,11.78
2605563,1.00,11.78
2609021,1.00,11.78
2612485,1.00,11.78
2615955,1.00,11.78
2619025,1.00,11.78
2622504,1.00,11.78
2625987,1.00,11.78
2629476,1.00,11.78
2632967,1.00,11.78
2636469,1.00,11.78
2639976,1.00,11.78
2643490,1.00,11.78
2647006,1.00,11.78
2650530,1.00,11.78
2654127,1.00,11.78
2657735,1.00,11.78
2661347,1.00,11.78
2664892,1.00,11.78
2668449,1.00,11.78
2672015,1.00,11.78
2675588,1.00,11.78
2679168,1.00,11.78
2682760,1.00,11.78
2686361,1.00,11.78
2689970,1.00,11.78
2693585,1.00,11.78
2697252,1.00,11.78
2700885,1.00,11.78
2704526,1.00,11.78
2709209,1.00,11.78
2712841,1.00,11.78
2716511,1.00,11.78
2720192,1.00,11.78
2723857,1.00,11.78
2727535,1.00,11.78
2731224,1.00,11.78
2734922,1.00,11.78
2738632,1.00,11.78
2742355,1.00,11.78
2746087,1.00,11.78
2749831,1.00,11.78
2753586,1.00,11.78
2757353,1.00,11.78
2761134,1.00,11.78
2764926,1.00,11.78
2768728,1.00,11.78
2772541,1.00,11.78
2776365,1.00,11.78
2780199,1.00,11.78
2784045,1.00,11.78
2787901,1.00,11.78
2791770,1.00,11.78
2795649,1.00,11.78
2799541,1.00,11.78
2803444,1.00,11.78
2808489,1.00,11.78
2812422,1.00,11.78
2816368,1.00,11.78
2820324,1.00,11.78
2824293,1.00,11.78
2828272,1.00,11.78
2832263,1.00,11.78
2836263,1.00,11.78
2840277,1.00,11.78
2844303,1.00,11.78
2848340,1.00,11.78
2852388,1.00,11.78
2856446,1.00,11.78
2860515,1.00,11.78
2864597,1.00,11.78
2868687,1.00,11.78
2872790,1.00,11.78
2876904,1.00,11.78
2881030,1.00,11.78
2885166,1.00,11.78
2889316,1.00,11.78
2893476,1.00,11.78
2897646,1.00,11.78
2901827,1.00,11.78
2906021,1.00,11.78
2911450,1.00,11.78
2915675,1.00,11.78
2919906,1.00,11.78
2924151,1.00,11.78
2928409,1.00,11.78
2932675,1.00,11.78
2936954,1.00,11.78
2941245,1.00,11.78
2945546,1.00,11.78
2949858,1.00,11.78
2954182,1.00,11.78
2958519,1.00,11.78
2962866,1.00,11.78
2967224,1.00,11.78
2971593,1.00,11.78
2975973,1.00,11.78
2980363,1.00,11.78
2984766,1.00,11.78
2989180,1.00,11.78
2993606,1.00,11.78
2998043,1.00,11.78
3002491,1.00,11.78
3006951,1.00,11.78
3011422,1.00,11.78
3015905,1.00,11.78
3020399,1.00,11.78
3026230,1.00,11.78
3030750,1.00,11.78
3035280,1.00,11.78
3039823,1.00,11.78
3044376,1.00,11.78
3048938,1.00,11.78
3053515,1.00,11.78
3058101,1.00,11.78
3062700,1.00,11.78
3067309,1.00,11.78
3071931,1.00,11.78
3076562,1.00,11.78
3081208,1.00,11.78
3085864,1.00,11.78
3090531,1.00,11.78
3095207,1.00,11.78
3099898,1.00,11.78
3104597,1.00,11.78
3109307,1.00,11.78
3114031,1.00,11.78
3118763,1.00,11.78
3123507,1.00,11.78
3128264,1.00,11.78
3133030,1.00,11.78
3137809,1.00,11.78
3142599,1.00,11.78
3146937,1.00,11.78
3151752,1.00,11.78
3156577,1.00,11.78
3161413,1.00,11.78
3166262,1.00,11.78
3171123,1.00,11.78
3175996,1.00,11.78
3180880,1.00,11.78
3185775,1.00,11.78
3190680,1.00,11.78
3195601,1.00,11.78
3200530,1.00,11.78
3205470,1.00,11.78
3210421,1.00,11.78
3215381,1.00,11.78
3220355,1.00,11.78
3225339,1.00,11.78
3230337,1.00,11.78
3235343,1.00,11.78
3240365,1.00,11.78
3245398,1.00,11.78
3250440,1.00,11.78
3255491,1.00,11.78
3260556,1.00,11.78
3265631,1.00,11.78
3272237,1.00,11.78
3277343,1.00,11.78
3282460,1.00,11.78
3287587,1.00,11.78
3292725,1.00,11.78
3297876,1.00,11.78
3303037,1.00,11.78
3308210,1.00,11.78
3313395,1.00,11.78
3318591,1.00,11.78
3323799,1.00,11.78
3329016,1.00,11.78
3334248,1.00,11.78
3339489,1.00,11.78
3344741,1.00,11.78
3350006,1.00,11.78
3355281,1.00,11.78
3360568,1.00,11.78
3365865,1.00,11.78
3371173,1.00,11.78
3376494,1.00,11.78
3381825,1.00,11.78
3387168,1.00,11.78
3392523,1.00,11.78
3403650,1.00,11.78
3406648,1.00,11.78
3410553,1.00,11.78
3413567,1.00,11.78
3418363,1.00,11.78
3425394,1.00,11.78
3428394,1.00,11.78
3431402,1.00,11.78
3434414,1.00,11.78
3437431,1.00,11.78
3440453,1.00,11.78
3443480,1.00,11.78
3446516,1.00,11.78
3449558,1.00,11.78
3452606,1.00,11.78
3455660,1.00,11.78
3458716,1.00,11.78
3461779,1.00,11.78
3464848,1.00,11.78
3467924,1.00,11.78
3471004,1.00,11.78
3474093,1.00,11.78
3477185,1.00,11.78
3480283,1.00,11.78
3483387,1.00,11.78
3486497,1.00,11.78
3489614,1.00,11.78
3493653,1.00,11.78
3496770,1.00,11.78
3499892,1.00,11.78
3503021,1.00,11.78
3506156,1.00,11.78
3509298,1.00,11.78
3512444,1.00,11.78
3515597,1.00,11.78
3518757,1.00,11.78
3521922,1.00,11.78
3525091,1.00,11.78
3528267,1.00,11.78
3531450,1.00,11.78
3534638,1.00,11.78
3537832,1.00,11.78
3541031,1.00,11.78
3544235,1.00,11.78
3547445,1.00,11.78
3550662,1.00,11.78
3553885,1.00,11.78
3557113,1.00,11.78
3560347,1.00,11.78
3563587,1.00,11.78
3566832,1.00,11.78
3570084,1.00,11.78
3573340,1.00,11.78
3577550,1.00,11.78
3580822,1.00,11.78
3584101,1.00,11.78
3587387,1.00,11.78
3590680,1.00,11.78
3593976,1.00,11.78
3597278,1.00,11.78
3600587,1.00,11.78
3603900,1.00,11.78
3607218,1.00,11.78
3610543,1.00,11.78
3613873,1.00,11.78
3617277,1.00,11.78
3620623,1.00,11.78
3624041,1.00,11.78
3627465,1.00,11.78
3630897,1.00,11.78
3634260,1.00,11.78
3637630,1.00,11.78
3641008,1.00,11.78
3644461,1.00,11.78
3647918,1.00,11.78
3651382,1.00,11.78
3654854,1.00,11.78
3658328,1.00,11.78
3661808,1.00,11.78
3664962,1.00,11.78
3668455,1.00,11.78
3671956,1.00,11.78
3675460,1.00,11.78
3678971,1.00,11.78
3682559,1.00,11.78
3686154,1.00,11.78
3689754,1.00,11.78
3693289,1.00,11.78
3696832,1.00,11.78
3700379,1.00,11.78
3703931,1.00,11.78
3707491,1.00,11.78
3711053,1.00,11.78
3714622,1.00,11.78
3718199,1.00,11.78
3721779,1.00,11.78
3725435,1.00,11.78
3729097,1.00,11.78
3732764,1.00,11.78
3736438,1.00,11.78
3739978,1.00,11.78
3743524,1.00,11.78
3747077,1.00,11.78
3750636,1.00,11.78
3755333,1.00,11.78
3758977,1.00,11.78
3762625,1.00,11.78
3766210,1.00,11.78
3769801,1.00,11.78
3773396,1.00,11.78
3776997,1.00,11.78
3780605,1.00,11.78
3784217,1.00,11.78
3787836,1.00,11.78
3791459,1.00,11.78
3795162,1.00,11.78
3798937,1.00,11.78
3802652,1.00,11.78
3806439,1.00,11.78
3810233,1.00,11.78
3813892,1.00,11.78
3817558,1.00,11.78
3821229,1.00,11.78
3824906,1.00,11.78
3828590,1.00,11.78
3832350,1.00,11.78
3836116,1.00,11.78
3839818,1.00,11.78
3843524,1.00,11.78
3847238,1.00,11.78
3852045,1.00,11.78
3855838,1.00,11.78
3859637,1.00,11.78
3863370,1.00,11.78
3867112,1.00,11.78
3870859,1.00,11.78
3874616,1.00,11.78
3878372,1.00,11.78
3882136,1.00,11.78
3885977,1.00,11.78
3889824,1.00,11.78
3893675,1.00,11.78
3897532,1.00,11.78
3901395,1.00,11.78
3905263,1.00,11.78
3909068,1.00,11.78
3912949,1.00,11.78
3916835,1.00,11.78
3920726,1.00,11.78
3924553,1.00,11.78
3928456,1.00,11.78
3932363,1.00,11.78
3936281,1.00,11.78
3940201,1.00,11.78
3944129,1.00,11.78
3949041,1.00,11.78
3952913,1.00,11.78
3956793,1.00,11.78
3960678,1.00,11.78
3964569,1.00,11.78
3968465,1.00,11.78
3972367,1.00,11.78
3976344,1.00,11.78
3980326,1.00,11.78
3984318,1.00,11.78
3988313,1.00,11.78
3992246,1.00,11.78
3996185,1.00,11.78
4000131,1.00,11.78
4004080,1.00,11.78
4008033,1.00,11.78
4011993,1.00,11.78
4015959,1.00,11.78
4019931,1.00,11.78
4023978,1.00,11.78
4028032,1.00,11.78
4032090,1.00,11.78
4036156,1.00,11.78
4040159,1.00,11.78
4044168,1.00,11.78
4048184,1.00,11.78
4053275,1.00,11.78
4057305,1.00,11.78
4061340,1.00,11.78
4065382,1.00,11.78
4069431,1.00,11.78
4073553,1.00,11.78
4077681,1.00,11.78
4081746,1.00,11.78
4085887,1.00,11.78
4089962,1.00,11.78
4094042,1.00,11.78
4098130,1.00,11.78
4102224,1.00,11.78
4106321,1.00,11.78
4110426,1.00,11.78
4114536,1.00,11.78
4118654,1.00,11.78
4122777,1.00,11.78
4126910,1.00,11.78
4131048,1.00,11.78
4135196,1.00,11.78
4139354,1.00,11.78
4143517,1.00,11.78
4147688,1.00,11.78
4151867,1.00,11.78
4156053,1.00,11.78
4159782,1.00,11.78
4163985,1.00,11.78
4168196,1.00,11.78
4172415,1.00,11.78
4176639,1.00,11.78
4180874,1.00,11.78
4185119,1.00,11.78
4189371,1.00,11.78
4193628,1.00,11.78
4197893,1.00,11.78
4202165,1.00,11.78
4206450,1.00,11.78
4210738,1.00,11.78
4215033,1.00,11.78
4219337,1.00,11.78
4223695,1.00,11.78
4228015,1.00,11.78
4232388,1.00,11.78
4236723,1.00,11.78
4241066,1.00,11.78
4245419,1.00,11.78
4249780,1.00,11.78
4254147,1.00,11.78
4258524,1.00,11.78
4262906,1.00,11.78
4268457,1.00,11.78
4272886,1.00,11.78
4277322,1.00,11.78
4281737,1.00,11.78
4286189,1.00,11.78
4290620,1.00,11.78
4295057,1.00,11.78
4299503,1.00,11.78
4303955,1.00,11.78
4308416,1.00,11.78
4312885,1.00,11.78
4317364,1.00,11.78
4321849,1.00,11.78
4326340,1.00,11.78
4330840,1.00,11.78
4335348,1.00,11.78
4339863,1.00,11.78
4344386,1.00,11.78
4348916,1.00,11.78
4353455,1.00,11.78
4359766,1.00,11.78
4362760,1.00,11.78
4365757,1.00,11.78
4368761,1.00,11.78
4371770,1.00,11.78
4380591,1.00,11.78
4384487,1.00,11.78
4387489,1.00,11.78
4390498,1.00,11.78
4393511,1.00,11.78
4396530,1.00,11.78
4399555,1.00,11.78
4402585,1.00,11.78
4405621,1.00,11.78
4408663,1.00,11.78
4411712,1.00,11.78
4414764,1.00,11.78
4417824,1.00,11.78
4420889,1.00,11.78
4423961,1.00,11.78
4427038,1.00,11.78
4430122,1.00,11.78
4433212,1.00,11.78
4436307,1.00,11.78
4439409,1.00,11.78
4442515,1.00,11.78
4445629,1.00,11.78
4448747,1.00,11.78
4451869,1.00,11.78
4454998,1.00,11.78
4458133,1.00,11.78
4462202,1.00,11.78
4465353,1.00,11.78
4468511,1.00,11.78
4471673,1.00,11.78
4474842,1.00,11.78
4478017,1.00,11.78
4481199,1.00,11.78
4484386,1.00,11.78
4487578,1.00,11.78
4490776,1.00,11.78
4493978,1.00,11.78
4497188,1.00,11.78
4500402,1.00,11.78
4503621,1.00,11.78
4506846,1.00,11.78
4510079,1.00,11.78
4513316,1.00,11.78
4516561,1.00,11.78
4519811,1.00,11.78
4523068,1.00,11.78
4526328,1.00,11.78
4529595,1.00,11.78
4532869,1.00,11.78
4536149,1.00,11.78
4539432,1.00,11.78
4542720,1.00,11.78
4546965,1.00,11.78
4550268,1.00,11.78
4553577,1.00,11.78
4556893,1.00,11.78
4560214,1.00,11.78
4563541,1.00,11.78
4566872,1.00,11.78
4570282,1.00,11.78
4573630,1.00,11.78
4577051,1.00,11.78
4580407,1.00,11.78
4583773,1.00,11.78
4587140,1.00,11.78
4590514,1.00,11.78
4593893,1.00,11.78
4597348,1.00,11.78
4600743,1.00,11.78
4604209,1.00,11.78
4607611,1.00,11.78
4611088,1.00,11.78
4614572,1.00,11.78
4617989,1.00,11.78
4621415,1.00,11.78
4624918,1.00,11.78
4628426,1.00,11.78
4631939,1.00,11.78
4635115,1.00,11.78
4638707,1.00,11.78
4642303,1.00,11.78
11,0.00,0.00
2760,0.00,0.00
5766,0.00,0.00
8779,0.00,0.00
11796,0.00,0.00
14818,0.00,0.00
17847,0.00,0.00
20885,0.00,0.00
23926,0.00,0.00
26971,0.00,0.00
30095,0.00,0.00
33224,0.00,0.00
36289,0.00,0.00
39358,0.00,0.00
42361,0.00,0.00
45373,0.00,0.00
48389,0.00,0.00
51410,0.00,0.00
54509,0.00,0.00
57544,0.00,0.00
60584,0.00,0.00
63630,0.00,0.00
66682,0.00,0.00
69740,0.00,0.00
72800,0.00,0.00
75869,0.00,0.00
79869,0.00,0.00
82954,0.00,0.00
86045,0.00,0.00
89213,0.00,0.00
92389,0.00,0.00
95637,0.00,0.00
98822,0.00,0.00
102014,0.00,0.00
105142,0.00,0.00
108275,0.00,0.00
111413,0.00,0.00
219185,0.00,0.00
222522,0.00,0.00
225677,0.00,0.00
228841,0.00,0.00
232010,0.00,0.00
235184,0.00,0.00
238365,0.00,0.00
241551,0.00,0.00
244744,0.00,0.00
247940,0.00,0.00
251142,0.00,0.00
254352,0.00,0.00
257567,0.00,0.00
260789,0.00,0.00
264016,0.00,0.00
267249,0.00,0.00
270489,0.00,0.00
273733,0.00,0.00
278007,0.00,0.00
281268,0.00,0.00
284534,0.00,0.00
287807,0.00,0.00
291086,0.00,0.00
294369,0.00,0.00
297657,0.00,0.00
300952,0.00,0.00
304253,0.00,0.00
307559,0.00,0.00
310938,0.00,0.00
314256,0.00,0.00
317648,0.00,0.00
321047,0.00,0.00
324385,0.00,0.00
327726,0.00,0.00
331092,0.00,-0.00
334501,0.00,-0.00
337906,0.00,-0.00
341300,0.00,0.00
344665,0.00,0.00
348038,0.00,0.00
351487,0.00,0.00
354941,0.00,0.00
358399,0.00,0.00
361794,0.00,0.00
365196,0.00,0.00
368601,0.00,0.00
372994,0.00,0.00
376416,0.00,0.00
379851,0.00,0.00
383298,0.00,0.00
386755,0.00,0.00
390281,0.00,0.00
393815,0.00,0.00
397306,0.00,0.00
400807,0.00,0.00
404323,0.00,0.00
407849,0.00,0.00
411387,0.00,0.00
414935,0.00,0.00
418495,0.00,0.00
422066,0.00,0.00
425649,0.00,0.00
429243,0.00,0.00
432848,0.00,0.00
436466,0.00,0.00
440094,0.00,0.00
443733,0.00,0.00
447384,0.00,0.00
451045,0.00,0.00
454719,0.00,0.00
458404,0.00,0.00
462099,0.00,0.00
465806,0.00,0.00
469522,0.00,0.00
473251,0.00,0.00
478084,0.00,0.00
481839,0.00,0.00
485604,0.00,0.00
489382,0.00,0.00
493169,0.00,0.00
496970,0.00,0.00
500782,0.00,0.00
504604,0.00,0.00
508436,0.00,0.00
512282,0.00,0.00
516138,0.00,0.00
520006,0.00,0.00
523885,0.00,0.00
527776,0.00,0.00
531677,0.00,0.00
535590,0.00,0.00
539515,0.00,0.00
543450,0.00,0.00
547398,0.00,0.00
551355,0.00,0.00
555325,0.00,0.00
559322,0.00,0.00
563363,0.00,0.00
567415,0.00,0.00
571480,0.00,0.00
575555,0.00,0.00
579641,0.00,0.00
583738,0.00,0.00
589047,0.00,0.00
593172,0.00,0.00
597310,0.00,0.00
601461,0.00,0.00
605622,0.00,0.00
609794,0.00,0.00
613978,0.00,0.00
618169,0.00,0.00
622362,0.00,0.00
626533,0.00,0.00
630712,0.00,0.00
634904,0.00,0.00
639107,0.00,0.00
643321,0.00,0.00
647546,0.00,0.00
651784,0.00,0.00
656032,0.00,0.00
660291,0.00,0.00
664562,0.00,0.00
668843,0.00,0.00
673138,0.00,0.00
677442,0.00,0.00
681758,0.00,0.00
686086,0.00,0.00
690423,0.00,0.00
694774,0.00,0.00
699136,0.00,0.00
703508,0.00,0.00
707892,0.00,0.00
713598,0.00,0.00
719925,0.00,0.00
726963,0.00,0.00
729900,0.00,0.00
732842,0.00,0.00
735787,0.00,0.00
738740,0.00,0.00
741697,0.00,0.00
744661,0.00,0.00
747631,0.00,0.00
750624,0.00,0.00
753654,0.00,0.00
756692,0.00,0.00
759735,0.00,0.00
762785,0.00,0.00
765839,0.00,0.00
768898,0.00,0.00
771964,0.00,0.00
775037,0.00,0.00
778183,0.00,0.00
781268,0.00,0.00
784355,0.00,0.00
787449,0.00,0.00
790552,0.00,0.00
793659,0.00,0.00
796771,0.00,0.00
799889,0.00,0.00
803014,0.00,0.00
807067,0.00,0.00
810206,0.00,0.00
813351,0.00,0.00
816502,0.00,0.00
819660,0.00,0.00
822822,0.00,0.00
825988,0.00,0.00
829161,0.00,0.00
832339,0.00,0.00
835524,0.00,0.00
838714,0.00,0.00
841908,0.00,0.00
845109,0.00,0.00
848314,0.00,0.00
851529,0.00,0.00
854747,0.00,0.00
857972,0.00,0.00
861201,0.00,0.00
864437,0.00,0.00
867682,0.00,0.00
870928,0.00,0.00
874164,0.00,0.00
877378,0.00,0.00
880593,0.00,0.00
883815,0.00,0.00
887043,0.00,0.00
890277,0.00,0.00
893517,0.00,0.00
896763,0.00,0.00
900967,0.00,0.00
904223,0.00,0.00
907486,0.00,0.00
910755,0.00,0.00
914032,0.00,0.00
917310,0.00,0.00
920596,0.00,0.00
923885,0.00,0.00
927182,0.00,0.00
930486,0.00,0.00
933794,0.00,0.00
937107,0.00,0.00
940428,0.00,0.00
943825,0.00,0.00
947156,0.00,0.00
950564,0.00,0.00
953976,0.00,0.00
957395,0.00,0.00
960817,0.00,0.00
964250,0.00,0.00
967684,0.00,0.00
971126,0.00,0.00
974574,0.00,0.00
978025,0.00,0.00
981555,0.00,0.00
985090,0.00,0.00
988562,0.00,0.00
992037,0.00,0.00
996571,0.00,0.00
1000149,1.00,0.00
1003686,1.00,0.00
1007293,1.00,0.00
1010905,1.00,0.00
1014525,1.00,0.00
1018097,1.00,0.00
1021676,1.00,0.00
1025313,1.00,0.00
1028955,1.00,0.00
1032603,1.00,0.00
1036219,1.00,0.00
1039806,1.00,0.00
1043407,1.00,0.01
1047048,1.00,0.03
1050729,1.00,0.07
1054418,1.00,0.12
1058104,1.00,0.17
1061775,1.00,0.24
1065460,1.00,0.32
1069158,1.00,0.40
1072866,1.00,0.49
1076587,1.00,0.58
1080318,1.00,0.67
1084060,1.00,0.76
1087815,1.00,0.85
1091578,1.00,0.94
1096441,1.00,1.05
1100234,1.00,1.14
1104039,1.00,1.23
1107856,1.00,1.31
1111683,1.00,1.40
1115521,1.00,1.48
1119371,1.00,1.57
1123233,1.00,1.66
1127107,1.00,1.75
1130986,1.00,1.83
1134881,1.00,1.92
1138787,1.00,2.01
1142703,1.00,2.09
1146633,1.00,2.18
1150578,1.00,2.26
1154531,1.00,2.35
1158495,1.00,2.44
1162469,1.00,2.52
1166456,1.00,2.60
1170455,1.00,2.68
1174466,1.00,2.77
1178490,1.00,2.85
1182522,1.00,2.94
1186564,1.00,3.02
1190617,1.00,3.10
1194683,1.00,3.19
1198759,1.00,3.27
1204038,1.00,3.37
1208145,1.00,3.45
1212264,1.00,3.54
1216391,1.00,3.62
1220530,1.00,3.70
1224678,1.00,3.78
1228839,1.00,3.85
1233013,1.00,3.93
1237198,1.00,4.01
1241393,1.00,4.09
1245598,1.00,4.16
1249816,1.00,4.24
1254046,1.00,4.32
1258287,1.00,4.40
1262536,1.00,4.48
1266798,1.00,4.55
1271073,1.00,4.63
1275359,1.00,4.71
1279656,1.00,4.78
1283966,1.00,4.86
1288287,1.00,4.94
1292621,1.00,5.01
1296965,1.00,5.09
1301319,1.00,5.16
1305684,1.00,5.24
1310062,1.00,5.31
1314452,1.00,5.39
1320144,1.00,5.48
1324559,1.00,5.55
1328984,1.00,5.63
1333422,1.00,5.70
1337869,1.00,5.77
1342328,1.00,5.84
1346796,1.00,5.91
1351276,1.00,5.98
1355766,1.00,6.05
1360270,1.00,6.12
1364783,1.00,6.19
1369311,1.00,6.26
1373848,1.00,6.33
1378397,1.00,6.39
1382957,1.00,6.46
1387529,1.00,6.53
1392114,1.00,6.59
1396709,1.00,6.66
1401314,1.00,6.72
1405932,1.00,6.79
1410562,1.00,6.85
1415203,1.00,6.92
1419851,1.00,6.98
1424512,1.00,7.04
1429184,1.00,7.10
1433870,1.00,7.17
1438569,1.00,7.23
1444671,1.00,7.31
1449393,1.00,7.37
1454128,1.00,7.43
1458874,1.00,7.49
1463636,1.00,7.55
1468407,1.00,7.61
1473191,1.00,7.67
1477984,1.00,7.73
1482788,1.00,7.79
1487603,1.00,7.85
1492430,1.00,7.91
1497269,1.00,7.96
1502119,1.00,8.02
1506984,1.00,8.08
1511857,1.00,8.14
1516739,1.00,8.19
1521633,1.00,8.25
1526541,1.00,8.30
1531459,1.00,8.36
1536387,1.00,8.41
1541329,1.00,8.47
1546280,1.00,8.52
1551242,1.00,8.57
1556214,1.00,8.63
1561201,1.00,8.68
1566196,1.00,8.73
1571206,1.00,8.78
1577726,1.00,8.85
1582764,1.00,8.90
1587812,1.00,8.95
1592872,1.00,9.00
1597944,1.00,9.05
1603027,1.00,9.10
1608121,1.00,9.15
1613225,1.00,9.19
1618342,1.00,9.24
1623472,1.00,9.29
1628612,1.00,9.34
1633761,1.00,9.38
1638924,1.00,9.43
1644096,1.00,9.47
1649281,1.00,9.52
1654477,1.00,9.56
1659685,1.00,9.61
1664900,1.00,9.65
1670131,1.00,9.69
1675373,1.00,9.74
1680626,1.00,9.78
1685889,1.00,9.82
1691163,1.00,9.86
1696451,1.00,9.90
1701751,1.00,9.94
1707062,1.00,9.98
1712384,1.00,10.02
1719324,1.00,10.07
1726051,1.00,10.12
1729043,1.00,10.14
1732035,1.00,10.16
1735035,1.00,10.18
1738042,1.00,10.20
1746923,1.00,10.26
1749911,1.00,10.28
1752902,1.00,10.30
1755902,1.00,10.32
1758905,1.00,10.34
1761914,1.00,10.36
1764929,1.00,10.38
1767951,1.00,10.40
1770976,1.00,10.41
1774008,1.00,10.43
1777047,1.00,10.45
1780092,1.00,10.47
1783141,1.00,10.49
1786197,1.00,10.51
1789256,1.00,10.53
1792323,1.00,10.54
1795398,1.00,10.56
1798480,1.00,10.58
1801563,1.00,10.60
1805569,1.00,10.62
1808666,1.00,10.64
1811769,1.00,10.66
1814878,1.00,10.67
1817992,1.00,10.69
1821113,1.00,10.71
1824237,1.00,10.73
1827365,1.00,10.74
1830505,1.00,10.76
1833648,1.00,10.78
1836796,1.00,10.79
1839951,1.00,10.81
1843111,1.00,10.83
1846278,1.00,10.84
1849452,1.00,10.86
1852629,1.00,10.87
1855814,1.00,10.89
1859004,1.00,10.91
1862196,1.00,10.92
1865397,1.00,10.94
1868605,1.00,10.95
1871816,1.00,10.97
1875032,1.00,10.98
1878258,1.00,11.00
1881487,1.00,11.01
1884721,1.00,11.03
1888904,1.00,11.05
1892154,1.00,11.06
1895409,1.00,11.08
1898670,1.00,11.09
1901938,1.00,11.11
1905212,1.00,11.12
1908493,1.00,11.13
1911778,1.00,11.15
1915070,1.00,11.16
1918373,1.00,11.18
1921677,1.00,11.19
1924985,1.00,11.20
1928303,1.00,11.21
1931623,1.00,11.23
1934949,1.00,11.24
1938281,1.00,11.25
1941621,1.00,11.27
1944965,1.00,11.28
1948315,1.00,11.29
1951671,1.00,11.30
1955033,1.00,11.32
1958402,1.00,11.33
1961776,1.00,11.34
1965155,1.00,11.35
1968542,1.00,11.36
1971933,1.00,11.37
1976372,1.00,11.39
1979778,1.00,11.40
1983257,1.00,11.41
1986678,1.00,11.42
1990242,1.00,11.43
1993745,1.00,11.45
1997248,1.00,11.46
2000759,1.00,11.47
2004345,1.00,11.48
2007938,1.00,11.49
2011534,1.00,11.50
2015139,1.00,11.51
2018676,1.00,11.52
2022222,1.00,11.53
2025777,1.00,11.54
2029344,1.00,11.54
2032919,1.00,11.55
2036502,1.00,11.56
2040094,1.00,11.57
2043695,1.00,11.58
2047353,1.00,11.59
2051015,1.00,11.60
2054642,1.00,11.61
2058272,1.00,11.62
2061877,1.00,11.62
2066524,1.00,11.63
2070157,1.00,11.64
2073803,1.00,11.65
2077457,1.00,11.66
2081124,1.00,11.66
2084804,1.00,11.67
2088496,1.00,11.68
2092199,1.00,11.68
2095912,1.00,11.69
2099637,1.00,11.70
2103374,1.00,11.71
2107121,1.00,11.71
2110881,1.00,11.72
2114648,1.00,11.72
2118431,1.00,11.73
2122223,1.00,11.74
2126027,1.00,11.74
2129845,1.00,11.75
2133670,1.00,11.75
2137509,1.00,11.76
2141359,1.00,11.76
2145220,1.00,11.77
2149090,1.00,11.77
2152972,1.00,11.78
2156866,1.00,11.78
2160774,1.00,11.79
2168067,1.00,11.80
2172309,1.00,11.80
2176560,1.00,11.80
2180818,1.00,11.81
2185079,1.00,11.81
2189350,1.00,11.82
2193626,1.00,11.82
2197911,1.00,11.82
2202202,1.00,11.83
2206501,1.00,11.83
2210806,1.00,11.83
2215119,1.00,11.83
2219439,1.00,11.84
2223763,1.00,11.84
2228095,1.00,11.84
2232435,1.00,11.84
2236783,1.00,11.84
2241138,1.00,11.84
2245497,1.00,11.84
2249867,1.00,11.85
2254242,1.00,11.85
2258623,1.00,11.85
2263012,1.00,11.85
2267408,1.00,11.85
2271811,1.00,11.85
2277358,1.00,11.85
2281777,1.00,11.85
2286204,1.00,11.85
2290637,1.00,11.85
2295081,1.00,11.85
2299532,1.00,11.85
2303989,1.00,11.85
2308453,1.00,11.85
2312922,1.00,11.85
2317398,1.00,11.85
2321883,1.00,11.85
2326373,1.00,11.85
2330868,1.00,11.85
2335372,1.00,11.85
2339883,1.00,11.85
2344403,1.00,11.85
2348932,1.00,11.85
2353464,1.00,11.85
2358004,1.00,11.85
2362549,1.00,11.85
2367102,1.00,11.85
2371667,1.00,11.85
2376235,1.00,11.85
2380811,1.00,11.85
2385393,1.00,11.85
2389982,1.00,11.85
2395771,1.00,11.85
2400380,1.00,11.85
2404995,1.00,11.85
2409619,1.00,11.85
2414249,1.00,11.85
2418885,1.00,11.85
2423529,1.00,11.85
2428177,1.00,11.85
2432832,1.00,11.85
2437497,1.00,11.85
2442166,1.00,11.85
2446843,1.00,11.85
2451526,1.00,11.85
2456217,1.00,11.85
2460915,1.00,11.85
2465620,1.00,11.85
2470332,1.00,11.85
2475052,1.00,11.85
2479779,1.00,11.85
2484511,1.00,11.85
2489252,1.00,11.85
2493999,1.00,11.85
2498752,1.00,11.85
2503515,1.00,11.85
2508283,1.00,11.85
2513058,1.00,11.85
2519087,1.00,11.85
2523880,1.00,11.85
2528679,1.00,11.85
2533488,1.00,11.85
2538303,1.00,11.85
2543124,1.00,11.85
2547950,1.00,11.85
2552787,1.00,11.85
2557628,1.00,11.85
2562477,1.00,11.85
2567333,1.00,11.85
2572195,1.00,11.85
2577064,1.00,11.85
2581941,1.00,11.85
2586827,1.00,11.85
2591718,1.00,11.85
2596617,1.00,11.85
2601520,1.00,11.85
2606431,1.00,11.85
2611352,1.00,11.85
2616278,1.00,11.85
2621211,1.00,11.85
2626153,1.00,11.85
2631101,1.00,11.85
2636055,1.00,11.85
2642314,1.00,11.85
2647283,1.00,11.85
2652259,1.00,11.85
2657242,1.00,11.85
2662232,1.00,11.85
2667230,1.00,11.85
2672233,1.00,11.85
2677243,1.00,11.85
2682262,1.00,11.85
2687286,1.00,11.85
2692317,1.00,11.85
2697355,1.00,11.85
2702400,1.00,11.85
2707453,1.00,11.85
2712514,1.00,11.85
2717579,1.00,11.85
2722651,1.00,11.85
2727731,1.00,11.85
2732820,1.00,11.85
2737913,1.00,11.85
2743015,1.00,11.85
2748125,1.00,11.85
2754236,1.00,11.85
2757502,1.00,11.85
2760778,1.00,11.85
2764057,1.00,11.85
2774124,1.00,11.85
2777389,1.00,11.85
2780661,1.00,11.85
2783941,1.00,11.85
2787224,1.00,11.85
2790516,1.00,11.85
2793814,1.00,11.85
2797117,1.00,11.85
2800426,1.00,11.85
2803746,1.00,11.85
2807069,1.00,11.85
2810399,1.00,11.85
2813738,1.00,11.85
2817081,1.00,11.85
2820432,1.00,11.85
2823788,1.00,11.85
2827152,1.00,11.85
2830522,1.00,11.85
2833898,1.00,11.85
2837279,1.00,11.85
2840669,1.00,11.85
2844066,1.00,11.85
2847470,1.00,11.85
2850881,1.00,11.85
2854295,1.00,11.85
2858641,1.00,11.85
2862073,1.00,11.85
2865514,1.00,11.85
2868961,1.00,11.85
2872413,1.00,11.85
2875875,1.00,11.85
2879343,1.00,11.85
2882817,1.00,11.85
2886297,1.00,11.85
2889782,1.00,11.85
2893278,1.00,11.85
2896777,1.00,11.85
2900285,1.00,11.85
2903798,1.00,11.85
2907317,1.00,11.85
2910845,1.00,11.85
2914446,1.00,11.85
2917987,1.00,11.85
2921601,1.00,11.85
2925153,1.00,11.85
2928710,1.00,11.85
2932278,1.00,11.85
2935850,1.00,11.85
2939428,1.00,11.85
2943012,1.00,11.85
2946604,1.00,11.85
2951151,1.00,11.85
2954760,1.00,11.85
2958375,1.00,11.85
2961996,1.00,11.85
2965627,1.00,11.85
2969263,1.00,11.85
2972904,1.00,11.85
2976555,1.00,11.85
2980211,1.00,11.85
2983872,1.00,11.85
2987540,1.00,11.85
2991215,1.00,11.85
2994897,1.00,11.85
2998587,1.00,11.85
3002281,1.00,11.85
3005981,1.00,11.85
3009759,1.00,11.85
3013476,1.00,11.85
3017196,1.00,11.85
3020996,1.00,11.85
3024798,1.00,11.85
3028607,1.00,11.85
3032425,1.00,11.85
3036251,1.00,11.85
3040081,1.00,11.85
3043919,1.00,11.85
3048807,1.00,11.85
3052659,1.00,11.85
3056515,1.00,11.85
3060449,1.00,11.85
3064321,1.00,11.85
3068197,1.00,11.85
3072080,1.00,11.85
3075974,1.00,11.85
3079878,1.00,11.85
3083790,1.00,11.85
3087711,1.00,11.85
3091641,1.00,11.85
3095582,1.00,11.85
3099531,1.00,11.85
3103539,1.00,11.85
3107552,1.00,11.85
3111570,1.00,11.85
3115596,1.00,11.85
3119591,1.00,11.85
3123596,1.00,11.85
3127580,1.00,11.85
3131603,1.00,11.85
3135635,1.00,11.85
3139677,1.00,11.85
3143730,1.00,11.85
3148846,1.00,11.85
3152907,1.00,11.85
3156985,1.00,11.85
3161073,1.00,11.85
3165174,1.00,11.85
3169285,1.00,11.85
3173409,1.00,11.85
3177546,1.00,11.85
3181694,1.00,11.85
3185855,1.00,11.85
3190026,1.00,11.85
3194209,1.00,11.85
3198407,1.00,11.85
3202618,1.00,11.85
3206838,1.00,11.85
3211071,1.00,11.85
3215317,1.00,11.85
3219573,1.00,11.85
3223843,1.00,11.85
3228126,1.00,11.85
3232418,1.00,11.85
3236726,1.00,11.85
3241041,1.00,11.85
3245373,1.00,11.85
3249713,1.00,11.85
